Id,FirstName,LastName,Phone,Email,Level__c,Languages__c
0031h00000g6yCPAAY,Rose,Gonzalez,(512) 757-6000,rose@edge.com,Primary,English
0031h00000g6yCQAAY,Sean,Forbes,(512) 757-6000,sean@edge.com,Secondary,English
0031h00000g6yCRAAY,Jack,Rogers,(336) 222-7000,jrogers@burlington.com,,
0031h00000g6yCSAAY,Pat,Stumuller,(014) 427-4427,pat@pyramid.net,Primary,"French, English"
0031h00000g6yCTAAY,Andy,Young,(785) 241-6200,a_young@dickenson.com,Primary,English
0031h00000g6yCUAAY,Tim,Barr,(312) 596-1000,barr_tim@grandhotels.com,Secondary,English
0031h00000g6yCVAAY,John,Bond,(312) 596-1000,bond_john@grandhotels.com,Primary,English
0031h00000g6yCWAAY,Stella,Pavlova,(212) 842-5500,spavlova@uog.com,Tertiary,English
0031h00000g6yCXAAY,Lauren,Boyle,(212) 842-5500,lboyle@uog.com,Secondary,English
0031h00000g6yCYAAY,Babara,Levy,(503) 421-7800,b.levy@expressl&t.net,Primary,English
0031h00000g6yCZAAY,Josh,Davis,(503) 421-7800,j.davis@expressl&t.net,Secondary,English
0031h00000g6yCaAAI,Jane,Grey,(520) 773-9050,jane_gray@uoa.edu,Primary,English
0031h00000g6yCbAAI,Arthur,Song,(212) 842-5500,asong@uog.com,Secondary,English
0031h00000g6yCcAAI,Ashley,James,+44 191 4956203,ajames@uog.com,Primary,English
0031h00000g6yCdAAI,Tom,Ripley,(650) 450-8810,tripley@uog.com,Primary,English
0031h00000g6yCeAAI,Liz,D'Cruz,(650) 450-8810,ldcruz@uog.com,Secondary,English
0031h00000g6yCfAAI,Edna,Frank,(650) 867-3450,efrank@genepoint.com,Primary,English
0031h00000g6yCgAAI,Avi,Green,(212) 842-5500,agreen@uog.com,Primary,English
0031h00000gDi5xAAC,Brad,Holmes,617-555-0143,bholmes@goodmail.com,,
0031h00000gDi5yAAC,Leslie,Martin,617-555-0112,leslie@pentagon.com,,
0031h00000gDi5zAAC,July,Walker,617-555-0170,julywalker@brain.com,,
0031h00000gDi60AAC,Anna,Jones,617-555-0181,annaj@mymail.com,,
0031h00000gDi61AAC,John,Connor,617-555-0133,jconnor@goodmail.com,,
